CustomerID,Age,TypeofContact,CityTier,DurationOfPitch,Occupation,Gender,NumberOfPersonVisiting,NumberOfFollowups,ProductPitched,PreferredPropertyStar,MaritalStatus,NumberOfTrips,Passport,PitchSatisfactionScore,OwnCar,NumberOfChildrenVisiting,Designation,MonthlyIncome,IncomeCategory,AgeGroup,ProdTaken
300000,36.0,1,2,14.0,2,1,3,4.0,0,5.0,0,1.0,0,2,1,2.0,1,17342.0,1,2,0
300001,46.0,1,1,19.0,2,1,2,3.0,1,4.0,2,7.0,0,4,1,0.0,2,20562.0,1,3,0
300002,50.0,1,1,10.0,3,0,3,5.0,1,5.0,0,6.0,0,3,1,2.0,2,23467.0,1,3,0
300003,54.0,1,3,9.0,3,0,2,3.0,1,5.0,1,3.0,0,4,1,0.0,2,20940.0,1,3,0
300004,38.0,1,1,14.0,3,1,4,4.0,1,5.0,1,7.0,1,3,0,1.0,2,22962.0,1,2,0
300005,44.0,1,1,16.0,2,1,2,3.0,1,3.0,1,3.0,1,3,0,1.0,2,21465.0,1,2,0
300006,36.0,1,3,16.0,3,1,2,4.0,3,5.0,1,1.0,0,5,0,0.0,3,22094.0,1,2,1
300007,35.0,1,1,14.0,2,1,2,1.0,0,3.0,1,2.0,0,5,1,1.0,1,17269.0,1,1,0
300008,24.0,1,1,11.0,3,1,3,3.0,0,5.0,0,4.0,0,4,0,2.0,1,21497.0,1,0,0
300009,46.0,1,1,35.0,1,1,4,4.0,0,3.0,1,6.0,0,3,1,3.0,1,20810.0,1,3,0
300010,25.0,1,3,7.0,1,0,4,4.0,0,4.0,3,3.0,1,4,0,1.0,1,21880.0,1,0,1
300011,56.0,1,1,29.0,2,1,3,3.0,4,4.0,0,5.0,1,4,1,2.0,0,28402.0,2,4,0
300012,42.0,1,3,6.0,2,1,2,3.0,1,3.0,0,2.0,0,3,1,0.0,2,19907.0,1,2,0
300013,48.0,0,3,11.0,3,1,4,4.0,1,3.0,3,5.0,0,4,0,3.0,2,21654.0,1,3,0
300014,36.0,1,1,23.0,2,1,4,4.0,3,3.0,1,6.0,1,1,0,1.0,3,26310.0,2,2,0
300015,31.0,1,3,36.0,1,1,3,4.0,3,4.0,1,5.0,0,4,0,2.0,3,27928.0,2,1,0
300016,53.0,1,1,15.0,3,1,3,5.0,1,4.0,1,4.0,0,1,1,1.0,2,23619.0,1,3,1
300017,54.0,1,1,20.0,3,0,3,2.0,1,5.0,1,3.0,0,1,1,1.0,2,23128.0,1,3,0
300018,39.0,0,1,9.0,2,0,4,2.0,1,5.0,3,8.0,1,1,0,1.0,2,24658.0,1,2,0
300019,28.0,1,1,14.0,3,0,3,5.0,1,5.0,3,2.0,0,3,1,1.0,2,25489.0,2,1,0
300020,32.0,1,3,9.0,2,1,3,4.0,0,3.0,1,2.0,0,4,1,1.0,1,21745.0,1,1,0
300021,25.0,1,3,32.0,3,0,2,3.0,1,3.0,2,2.0,0,4,0,0.0,2,21180.0,1,0,0
300022,34.0,0,3,29.0,3,1,4,4.0,1,4.0,0,2.0,0,2,0,2.0,2,24824.0,1,1,0
300023,25.0,1,1,6.0,1,1,2,3.0,0,3.0,0,5.0,0,5,1,1.0,1,18229.0,1,0,0
300024,38.0,1,1,17.0,3,0,4,4.0,0,5.0,0,8.0,0,2,1,2.0,1,22130.0,1,2,0
300025,28.0,1,3,15.0,2,1,3,3.0,1,3.0,2,2.0,0,3,1,0.0,2,20253.0,1,1,0
300026,30.0,1,1,16.0,3,0,3,4.0,0,3.0,1,2.0,0,5,1,2.0,1,21652.0,1,1,0
300027,50.0,1,1,14.0,2,1,3,5.0,3,3.0,2,2.0,0,2,1,2.0,3,29643.0,2,3,0
300028,52.0,1,1,7.0,2,1,4,4.0,0,3.0,0,3.0,0,4,1,1.0,1,21401.0,1,3,0
300029,36.0,0,3,6.0,3,0,2,3.0,1,3.0,3,5.0,0,1,1,1.0,2,21653.0,1,2,0
300030,39.0,1,1,16.0,2,1,4,4.0,0,3.0,1,4.0,0,1,1,2.0,1,23449.0,1,2,0
300031,34.0,1,3,32.0,3,1,3,5.0,3,4.0,3,4.0,1,5,1,1.0,3,27058.0,2,1,1
300032,36.0,0,3,9.0,3,1,2,4.0,3,3.0,1,5.0,0,1,0,0.0,3,24699.0,1,2,0
300033,37.0,0,3,10.0,3,1,3,5.0,3,3.0,1,6.0,0,1,0,1.0,3,28377.0,2,2,0
300034,33.0,0,1,6.0,2,0,2,1.0,1,4.0,0,2.0,1,3,0,1.0,2,20488.0,1,1,0
300035,40.0,1,3,9.0,2,1,3,2.0,3,3.0,3,2.0,0,2,1,2.0,3,26558.0,2,2,0
300036,50.0,1,3,15.0,1,1,3,5.0,4,4.0,1,8.0,0,4,1,2.0,0,31798.0,2,3,0
300037,30.0,1,1,16.0,2,1,4,2.0,0,3.0,1,8.0,0,5,1,1.0,1,21129.0,1,1,0
300038,37.0,0,1,8.0,2,1,3,4.0,1,3.0,1,6.0,0,1,1,2.0,2,20163.0,1,2,0
300039,31.0,0,1,10.0,3,0,4,4.0,0,3.0,1,3.0,0,3,1,2.0,1,20761.0,1,1,0
300040,36.0,0,1,9.0,3,0,3,4.0,1,4.0,3,7.0,0,2,1,1.0,2,23103.0,1,2,0
300041,21.0,1,1,11.0,1,1,3,4.0,0,5.0,3,3.0,0,3,1,2.0,1,21651.0,1,0,1
300042,32.0,1,1,16.0,3,1,1,3.0,3,3.0,3,3.0,0,1,0,0.0,3,26244.0,2,1,0
300043,35.0,1,1,16.0,3,0,2,3.0,1,3.0,2,4.0,1,1,1,0.0,2,21142.0,1,1,0
300044,58.0,1,3,16.0,3,1,2,3.0,4,3.0,2,1.0,0,3,1,1.0,0,28872.0,2,4,0
300045,31.0,1,3,13.0,3,1,3,3.0,1,3.0,1,5.0,0,2,0,0.0,2,22547.0,1,1,0
300046,30.0,1,1,14.0,2,0,3,1.0,3,5.0,0,1.0,1,2,0,2.0,3,26416.0,2,1,0
300047,56.0,1,1,15.0,3,0,3,4.0,4,3.0,1,4.0,1,3,0,2.0,0,33434.0,2,4,0
300048,29.0,1,3,16.0,2,1,3,3.0,0,3.0,2,2.0,0,4,1,0.0,1,17642.0,1,1,0
300049,38.0,1,3,15.0,3,1,3,4.0,0,4.0,1,1.0,0,4,0,2.0,1,17899.0,1,2,0
300050,27.0,1,3,8.0,3,1,2,3.0,0,5.0,1,1.0,0,5,0,1.0,1,18041.0,1,1,1
300051,27.0,1,1,11.0,1,1,2,4.0,3,3.0,1,2.0,1,3,1,1.0,3,27808.0,2,1,0
300052,31.0,0,3,19.0,2,1,4,5.0,0,5.0,0,3.0,0,5,1,1.0,1,20711.0,1,1,1
300053,37.0,1,1,13.0,2,1,3,6.0,0,3.0,1,3.0,0,1,1,1.0,1,21419.0,1,2,0
300054,27.0,1,1,6.0,2,0,3,3.0,3,5.0,1,2.0,0,4,0,2.0,3,22412.0,1,1,0
300055,31.0,0,1,30.0,1,0,1,3.0,1,3.0,2,3.0,0,1,1,0.0,2,20238.0,1,1,0
300056,25.0,1,1,15.0,2,1,2,3.0,0,5.0,2,4.0,0,1,1,0.0,1,17096.0,1,0,1
300057,33.0,0,1,7.0,2,1,4,4.0,0,3.0,1,2.0,0,5,1,1.0,1,20992.0,1,1,0
300058,52.0,1,1,9.0,3,1,2,4.0,3,3.0,1,3.0,1,1,1,0.0,3,22969.0,1,3,0
300059,34.0,0,1,13.0,2,1,3,5.0,1,3.0,2,2.0,1,5,1,0.0,2,21074.0,1,1,1
300060,37.0,1,3,10.0,3,0,3,4.0,1,4.0,3,5.0,1,4,0,2.0,2,27956.0,2,2,0
300061,23.0,1,1,32.0,2,1,2,3.0,0,3.0,1,2.0,0,2,1,1.0,1,17904.0,1,0,0
300062,39.0,1,3,10.0,2,1,3,4.0,1,3.0,3,2.0,1,3,1,2.0,2,25539.0,2,2,0
300063,55.0,0,1,24.0,3,1,3,3.0,1,4.0,0,4.0,1,5,1,2.0,2,21385.0,1,3,0
300064,34.0,1,1,15.0,2,1,2,3.0,3,3.0,1,1.0,0,5,1,1.0,3,23500.0,1,1,0
300065,27.0,1,1,23.0,3,1,3,4.0,0,4.0,1,4.0,1,2,1,2.0,1,21051.0,1,1,1
300066,50.0,0,1,8.0,3,0,1,3.0,4,5.0,1,3.0,0,3,0,0.0,0,32856.0,2,3,0
300067,39.0,0,1,6.0,2,1,2,3.0,2,3.0,1,2.0,1,3,0,1.0,4,34197.0,2,2,0
300068,34.0,1,3,20.0,1,0,2,3.0,0,3.0,1,2.0,1,5,1,1.0,1,17579.0,1,1,0
300069,49.0,1,1,27.0,3,1,3,4.0,0,3.0,0,6.0,0,2,0,1.0,1,20937.0,1,3,0
300070,45.0,1,1,11.0,3,1,3,4.0,1,4.0,3,2.0,0,2,1,1.0,2,24611.0,1,2,0
300071,59.0,1,1,14.0,3,0,3,5.0,3,5.0,0,2.0,1,4,1,1.0,3,28686.0,2,4,1
300072,19.0,1,3,28.0,3,1,2,3.0,0,3.0,2,2.0,1,2,0,1.0,1,16675.0,1,0,1
300073,42.0,0,3,17.0,2,1,3,4.0,1,3.0,3,2.0,0,1,0,2.0,2,24908.0,1,2,0
300074,52.0,0,3,13.0,3,0,3,3.0,0,3.0,1,3.0,1,4,1,2.0,1,23446.0,1,3,1
300075,29.0,1,1,26.0,3,1,4,5.0,0,5.0,0,3.0,0,3,1,3.0,1,21874.0,1,1,0
300076,28.0,1,1,6.0,1,1,2,3.0,0,5.0,2,3.0,0,4,0,0.0,1,17080.0,1,1,0
300077,28.0,0,1,10.0,3,1,3,4.0,0,3.0,1,3.0,0,1,0,1.0,1,20384.0,1,1,0
300078,43.0,0,1,16.0,2,0,2,3.0,0,3.0,2,1.0,0,5,0,1.0,1,17455.0,1,2,0
300079,60.0,1,1,10.0,3,0,3,3.0,0,5.0,0,6.0,1,2,1,2.0,1,21348.0,1,4,0
300080,35.0,1,3,33.0,2,1,2,3.0,1,3.0,2,2.0,1,5,0,0.0,2,20813.0,1,1,1
300081,34.0,1,2,10.0,2,1,3,4.0,0,4.0,1,5.0,1,5,0,2.0,1,20955.0,1,1,0
300082,38.0,1,1,6.0,1,0,3,3.0,3,5.0,0,2.0,0,4,1,2.0,3,28582.0,2,2,0
300083,28.0,1,1,11.0,2,1,3,2.0,1,4.0,1,3.0,1,4,1,1.0,2,24820.0,1,1,0
300084,41.0,1,3,8.0,2,0,3,3.0,4,5.0,0,1.0,0,5,1,1.0,0,31595.0,2,2,0
300085,58.0,1,3,16.0,3,1,2,3.0,4,3.0,2,1.0,0,3,0,1.0,0,28872.0,2,4,0
300086,50.0,1,1,8.0,3,1,3,3.0,2,3.0,1,3.0,1,1,1,2.0,4,34237.0,2,3,0
300087,35.0,1,1,6.0,2,0,2,1.0,0,3.0,2,4.0,0,3,0,0.0,1,17506.0,1,1,0
300088,29.0,1,1,31.0,1,0,3,4.0,0,4.0,1,6.0,0,3,1,2.0,1,17546.0,1,1,1
300089,49.0,1,1,14.0,2,0,2,3.0,3,4.0,1,5.0,0,4,0,1.0,3,22403.0,1,3,0
300090,40.0,1,3,13.0,3,1,3,2.0,3,3.0,1,4.0,0,4,1,2.0,3,26915.0,2,2,0
300091,35.0,0,1,8.0,2,0,3,3.0,1,5.0,1,3.0,0,4,0,0.0,2,20093.0,1,1,0
300092,38.0,1,3,7.0,2,1,3,5.0,3,3.0,1,7.0,0,1,1,2.0,3,29287.0,2,2,1
300093,31.0,1,3,13.0,2,1,2,4.0,0,3.0,0,4.0,0,4,1,1.0,1,17329.0,1,1,0
300094,32.0,1,1,15.0,2,0,4,4.0,1,3.0,3,3.0,0,5,1,3.0,2,23102.0,1,1,0
300095,31.0,1,3,14.0,3,1,3,4.0,0,4.0,3,2.0,0,1,0,1.0,1,21661.0,1,1,0
300096,20.0,1,1,10.0,3,0,4,4.0,0,4.0,2,3.0,0,3,1,1.0,1,20161.0,1,0,0
300097,30.0,1,3,27.0,3,1,3,4.0,1,3.0,1,4.0,0,1,1,1.0,2,25609.0,2,1,0
300098,48.0,0,3,30.0,2,1,3,5.0,0,3.0,2,2.0,1,1,1,2.0,1,17559.0,1,3,1
300099,37.0,1,1,9.0,2,0,4,4.0,0,3.0,0,6.0,0,5,1,1.0,1,21221.0,1,2,0
300100,35.0,1,1,7.0,3,1,4,4.0,1,4.0,1,3.0,0,5,1,3.0,2,23003.0,1,1,0
300101,31.0,1,3,11.0,3,0,4,5.0,1,4.0,1,3.0,1,3,1,2.0,2,23887.0,1,1,0
300102,39.0,1,1,16.0,3,1,2,3.0,4,5.0,0,2.0,1,3,1,1.0,0,32068.0,2,2,0
300103,42.0,1,1,14.0,3,0,3,4.0,1,3.0,3,8.0,0,3,1,1.0,2,23681.0,1,2,0
300104,34.0,0,1,10.0,2,0,3,4.0,0,3.0,1,3.0,1,1,1,2.0,1,21587.0,1,1,0
300105,33.0,0,1,11.0,2,0,3,3.0,3,4.0,0,7.0,0,3,1,2.0,3,26878.0,2,1,0
300106,36.0,0,1,12.0,2,1,3,1.0,1,5.0,1,4.0,1,4,1,1.0,2,20562.0,1,2,0
300107,45.0,1,3,8.0,1,1,2,5.0,1,3.0,3,1.0,0,5,1,1.0,2,21632.0,1,2,0
300108,37.0,1,3,9.0,2,1,2,3.0,3,3.0,3,3.0,0,3,0,1.0,3,22428.0,1,2,0
300109,35.0,1,1,13.0,2,0,3,4.0,1,3.0,3,3.0,0,3,0,1.0,2,23487.0,1,1,0
300110,31.0,1,3,19.0,1,0,3,4.0,1,3.0,3,2.0,0,2,1,1.0,2,25255.0,2,1,0
300111,35.0,1,1,13.0,3,1,3,4.0,0,5.0,3,4.0,0,4,0,1.0,1,21638.0,1,1,1
300112,32.0,1,3,27.0,2,0,4,6.0,1,3.0,0,5.0,1,3,1,1.0,2,23237.0,1,1,1
300113,42.0,0,3,7.0,3,0,4,4.0,1,5.0,1,2.0,0,3,0,2.0,2,22781.0,1,2,0
300114,53.0,1,3,8.0,2,0,3,4.0,4,3.0,0,3.0,0,3,1,0.0,0,30427.0,2,3,0
300115,41.0,1,1,20.0,2,1,2,3.0,0,3.0,1,5.0,0,4,1,1.0,1,17451.0,1,2,0
300116,36.0,1,3,14.0,2,0,3,4.0,1,3.0,1,3.0,1,4,1,2.0,2,23882.0,1,2,0
300117,30.0,1,1,9.0,1,0,2,3.0,0,5.0,2,6.0,1,4,0,0.0,1,17657.0,1,1,1
300118,58.0,1,1,31.0,2,1,3,2.0,3,3.0,1,5.0,1,4,1,1.0,3,28117.0,2,4,0
300119,35.0,0,1,9.0,2,1,4,4.0,1,3.0,3,4.0,0,4,1,2.0,2,22711.0,1,1,0
300120,33.0,1,1,12.0,2,1,4,3.0,0,4.0,1,2.0,1,2,1,1.0,1,21976.0,1,1,0
300121,48.0,1,3,9.0,3,0,3,4.0,1,3.0,0,2.0,1,2,1,1.0,2,23215.0,1,3,0
300122,28.0,1,3,9.0,3,0,4,6.0,2,4.0,2,4.0,1,5,1,2.0,4,21195.0,1,1,1
300123,32.0,1,1,31.0,2,1,2,3.0,0,3.0,2,2.0,1,5,0,0.0,1,17795.0,1,1,1
300124,43.0,0,2,9.0,3,1,4,2.0,1,5.0,1,2.0,0,1,1,2.0,2,24950.0,1,2,0
300125,34.0,1,1,6.0,2,1,2,3.0,1,3.0,1,1.0,0,4,1,0.0,2,20484.0,1,1,0
300126,43.0,1,3,10.0,3,0,2,4.0,3,3.0,3,4.0,0,3,1,0.0,3,25231.0,2,2,0
300127,47.0,1,1,7.0,3,1,4,4.0,3,5.0,1,2.0,0,2,0,1.0,3,28074.0,2,3,0
300128,35.0,0,1,9.0,2,1,3,5.0,1,3.0,0,3.0,0,4,0,1.0,2,28225.0,2,1,0
300129,24.0,1,1,16.0,3,1,3,4.0,0,5.0,0,3.0,0,3,0,2.0,1,21178.0,1,0,0
300130,34.0,1,3,7.0,3,1,3,2.0,1,5.0,1,3.0,0,4,0,2.0,2,22715.0,1,1,0
300131,42.0,1,1,15.0,3,0,4,4.0,0,5.0,1,3.0,1,3,0,3.0,1,22781.0,1,2,1
300132,34.0,0,3,23.0,2,0,3,4.0,1,3.0,1,3.0,1,1,0,1.0,2,24046.0,1,1,0
300133,36.0,1,2,15.0,1,1,4,4.0,0,3.0,3,3.0,0,5,0,2.0,1,23001.0,1,2,0
300134,54.0,1,1,9.0,2,1,2,3.0,4,3.0,1,4.0,0,5,0,0.0,0,32779.0,2,3,0
300135,37.0,0,1,16.0,3,1,3,3.0,3,3.0,1,7.0,0,3,0,2.0,3,25048.0,2,2,1
300136,39.0,0,1,14.0,2,1,3,2.0,0,3.0,1,3.0,0,3,0,1.0,1,21288.0,1,2,0
300137,22.0,1,1,8.0,1,1,3,3.0,0,3.0,1,1.0,0,5,1,0.0,1,17523.0,1,0,0
300138,38.0,1,1,16.0,3,0,3,3.0,1,3.0,1,4.0,0,3,0,1.0,2,24824.0,1,2,0
300139,32.0,1,1,18.0,2,1,3,4.0,0,3.0,0,5.0,1,3,1,2.0,1,21034.0,1,1,0
300140,40.0,1,1,26.0,1,1,3,3.0,3,3.0,0,5.0,0,3,1,1.0,3,25322.0,2,2,0
300141,37.0,1,3,16.0,2,0,2,4.0,1,3.0,1,3.0,1,4,0,0.0,2,21694.0,1,2,0
300142,33.0,1,2,9.0,2,1,2,3.0,0,4.0,1,4.0,1,5,0,1.0,1,17277.0,1,1,0
300143,37.0,1,3,6.0,2,1,2,4.0,3,3.0,0,6.0,0,2,1,1.0,3,25609.0,2,2,1
300144,28.0,1,1,25.0,3,1,3,4.0,0,5.0,1,2.0,0,3,1,1.0,1,18196.0,1,1,0
300145,31.0,1,2,16.0,2,1,3,4.0,1,3.0,1,2.0,1,3,1,2.0,2,25025.0,2,1,0
300146,51.0,0,1,29.0,3,1,3,6.0,4,3.0,2,3.0,1,1,1,2.0,0,33089.0,2,3,0
300147,58.0,0,1,6.0,2,1,2,5.0,1,3.0,1,3.0,1,1,1,1.0,2,20660.0,1,4,0
300148,50.0,1,1,6.0,3,1,3,3.0,4,3.0,1,1.0,0,5,0,2.0,0,32399.0,2,3,0
300149,54.0,1,3,7.0,3,0,3,4.0,1,5.0,3,2.0,0,2,1,2.0,2,27059.0,2,3,0
300150,28.0,0,3,9.0,2,1,3,6.0,1,3.0,3,5.0,0,4,1,2.0,2,23749.0,1,1,0
300151,45.0,1,1,26.0,3,1,3,5.0,3,5.0,1,3.0,1,3,0,0.0,3,25851.0,2,2,0
300152,35.0,1,1,7.0,2,1,3,5.0,0,3.0,1,3.0,1,1,1,2.0,1,22300.0,1,1,0
300153,36.0,0,1,14.0,2,0,3,1.0,3,5.0,1,1.0,0,3,0,1.0,3,26713.0,2,2,0
300154,40.0,1,3,14.0,2,1,4,4.0,0,3.0,1,3.0,1,1,1,3.0,1,23212.0,1,2,1
300155,40.0,1,1,31.0,3,1,3,4.0,0,4.0,1,3.0,1,1,0,1.0,1,22582.0,1,2,1
300156,41.0,1,1,23.0,2,0,3,4.0,3,3.0,3,8.0,1,4,1,1.0,3,26623.0,2,2,0
300157,34.0,1,1,15.0,3,0,2,4.0,3,4.0,3,2.0,0,2,1,1.0,3,23621.0,1,1,0
300158,42.0,1,1,7.0,2,1,4,4.0,0,3.0,1,5.0,0,1,0,1.0,1,21460.0,1,2,0
300159,37.0,1,1,21.0,2,1,4,4.0,1,3.0,1,2.0,1,5,1,1.0,2,25264.0,2,2,0
300160,38.0,1,1,26.0,2,1,3,4.0,1,3.0,1,5.0,0,1,0,1.0,2,24446.0,1,2,0
300161,31.0,1,1,17.0,3,1,3,3.0,1,5.0,1,2.0,1,1,1,1.0,2,21833.0,1,1,0
300162,55.0,0,1,27.0,2,0,3,4.0,1,3.0,3,5.0,0,4,0,2.0,2,23547.0,1,3,0
300163,45.0,1,1,8.0,2,0,3,4.0,0,3.0,2,2.0,0,3,1,0.0,1,17274.0,1,2,0
300164,41.0,0,1,16.0,3,0,3,4.0,3,3.0,2,2.0,0,4,1,2.0,3,32177.0,2,2,0
300165,55.0,0,1,8.0,2,0,3,4.0,3,3.0,1,2.0,0,5,0,2.0,3,29180.0,2,3,0
300166,39.0,1,3,21.0,2,1,4,4.0,1,4.0,1,2.0,0,5,1,3.0,2,28602.0,2,2,0
300167,41.0,1,1,15.0,2,1,3,3.0,0,5.0,1,2.0,0,5,1,1.0,1,17289.0,1,2,0
300168,38.0,0,1,12.0,3,0,3,5.0,1,3.0,1,1.0,1,1,0,2.0,2,20329.0,1,2,0
300169,55.0,0,3,8.0,2,0,2,4.0,0,3.0,2,1.0,0,5,0,0.0,1,28577.0,2,3,1
300170,24.0,0,1,15.0,3,1,2,3.0,0,5.0,2,3.0,1,3,0,1.0,1,18172.0,1,0,1
300171,50.0,1,1,7.0,1,0,3,4.0,0,5.0,0,4.0,0,4,1,1.0,1,22258.0,1,3,0
300172,46.0,0,3,33.0,2,0,4,4.0,1,5.0,1,4.0,0,1,0,3.0,2,22964.0,1,3,1
300173,38.0,0,3,7.0,3,1,3,6.0,1,3.0,1,3.0,0,1,0,2.0,2,28203.0,2,2,0
300174,45.0,0,1,24.0,2,1,4,6.0,0,3.0,2,4.0,0,4,1,2.0,1,20968.0,1,2,0
300175,54.0,1,1,13.0,3,0,3,3.0,1,3.0,1,5.0,0,3,1,1.0,2,21854.0,1,3,0
300176,34.0,1,1,17.0,3,1,3,6.0,0,3.0,1,2.0,0,5,0,1.0,1,22086.0,1,1,1
300177,40.0,1,1,9.0,1,0,4,5.0,1,3.0,3,3.0,0,1,1,2.0,2,23231.0,1,2,0
300178,34.0,0,3,14.0,2,0,2,4.0,1,4.0,0,2.0,0,4,1,1.0,2,22980.0,1,1,0
300179,58.0,0,3,8.0,3,1,2,3.0,4,4.0,1,5.0,0,4,1,0.0,0,17705.0,1,4,0
300180,37.0,1,1,7.0,1,0,4,6.0,3,5.0,1,4.0,1,2,1,3.0,3,28930.0,2,2,0
300181,44.0,0,1,14.0,3,1,3,2.0,0,3.0,1,6.0,0,4,1,1.0,1,20767.0,1,2,0
300182,33.0,0,1,9.0,2,1,4,4.0,0,3.0,3,2.0,0,5,1,2.0,1,21746.0,1,1,0
300183,34.0,1,1,20.0,2,0,3,4.0,0,3.0,3,5.0,0,3,1,1.0,1,22130.0,1,1,0
300184,24.0,1,1,33.0,2,1,3,4.0,0,3.0,1,3.0,0,1,0,2.0,1,21582.0,1,0,0
300185,34.0,1,1,8.0,3,1,3,1.0,0,3.0,1,1.0,1,1,0,1.0,1,17932.0,1,1,0
300186,59.0,1,1,30.0,3,0,4,4.0,3,3.0,0,3.0,0,3,1,1.0,3,28990.0,2,4,1
300187,20.0,1,3,12.0,2,1,4,4.0,3,4.0,3,2.0,1,4,1,1.0,3,21672.0,1,0,1
300188,32.0,0,1,21.0,3,0,2,3.0,1,3.0,1,6.0,0,3,0,1.0,2,21667.0,1,1,0
300189,29.0,1,1,9.0,3,1,3,6.0,0,3.0,1,7.0,1,3,1,2.0,1,22142.0,1,1,1
300190,24.0,1,3,9.0,1,1,4,4.0,0,5.0,1,5.0,0,3,1,3.0,1,21000.0,1,0,0
300191,28.0,0,3,10.0,3,0,4,2.0,1,3.0,1,3.0,1,1,1,1.0,2,23325.0,1,1,0
300192,56.0,0,1,6.0,2,1,2,3.0,1,3.0,1,2.0,0,3,0,0.0,2,21306.0,1,4,0
300193,32.0,0,3,9.0,2,0,3,5.0,0,3.0,3,2.0,0,5,0,2.0,1,21463.0,1,1,1
300194,40.0,1,1,14.0,3,1,3,4.0,0,3.0,3,2.0,1,4,1,2.0,1,24094.0,1,2,1
300195,36.0,0,3,16.0,3,1,2,3.0,3,3.0,3,2.0,0,2,1,1.0,3,24980.0,1,2,0
300196,27.0,1,1,11.0,2,0,2,3.0,0,4.0,2,2.0,1,3,0,1.0,1,17478.0,1,1,0
300197,35.0,1,3,9.0,2,1,3,3.0,3,3.0,1,7.0,0,5,0,1.0,3,22823.0,1,1,0
300198,26.0,1,3,15.0,2,1,3,2.0,1,4.0,1,2.0,0,4,1,1.0,2,23529.0,1,1,0
300199,46.0,1,1,8.0,3,1,2,3.0,2,3.0,1,1.0,1,1,1,1.0,4,34328.0,2,3,0
300200,42.0,0,3,11.0,3,1,3,4.0,1,4.0,3,3.0,0,3,1,1.0,2,28033.0,2,2,1
300201,34.0,1,3,8.0,2,1,2,3.0,1,3.0,2,2.0,0,5,0,0.0,2,21274.0,1,1,0
300202,39.0,0,1,8.0,2,1,2,3.0,4,3.0,1,1.0,0,3,1,0.0,0,27169.0,2,2,1
300203,36.0,0,3,19.0,2,1,3,4.0,1,3.0,3,5.0,1,3,1,1.0,2,23259.0,1,2,1
300204,41.0,1,1,15.0,2,1,3,3.0,0,5.0,1,3.0,0,1,0,0.0,1,17238.0,1,2,0
300205,24.0,1,3,14.0,2,1,3,4.0,0,3.0,1,3.0,1,1,1,1.0,1,20953.0,1,0,1
300206,30.0,0,3,9.0,2,1,4,4.0,1,3.0,1,3.0,0,1,1,2.0,2,23327.0,1,1,0
300207,46.0,1,1,17.0,2,1,4,4.0,0,3.0,1,5.0,0,5,0,3.0,1,21332.0,1,3,0
300208,54.0,1,1,13.0,2,1,3,4.0,1,3.0,2,4.0,0,5,1,2.0,2,21128.0,1,3,0
300209,46.0,1,1,21.0,2,1,2,3.0,2,4.0,0,6.0,0,3,1,1.0,4,34081.0,2,3,0
300210,32.0,0,1,30.0,2,1,3,3.0,1,3.0,0,2.0,0,4,1,0.0,2,20309.0,1,1,0
300211,32.0,1,1,7.0,2,1,4,5.0,0,5.0,1,3.0,0,4,1,2.0,1,20896.0,1,1,0
300212,37.0,0,3,15.0,2,1,4,5.0,3,5.0,3,3.0,0,2,0,3.0,3,26265.0,2,2,0
300213,38.0,1,1,6.0,2,0,2,3.0,3,3.0,3,5.0,1,1,0,1.0,3,22861.0,1,2,0
300214,31.0,1,1,6.0,3,1,2,3.0,0,4.0,2,2.0,0,3,1,0.0,1,17501.0,1,1,0
300215,37.0,1,1,13.0,2,0,3,2.0,0,3.0,1,5.0,0,1,0,1.0,1,21716.0,1,2,0
300216,31.0,1,3,9.0,1,1,4,4.0,0,4.0,0,3.0,0,3,1,3.0,1,21154.0,1,1,0
300217,26.0,1,1,7.0,3,0,3,4.0,0,4.0,2,3.0,0,3,1,1.0,1,20774.0,1,1,0
300218,39.0,0,3,9.0,2,1,3,5.0,1,3.0,1,5.0,0,5,1,2.0,2,23927.0,1,2,0
300219,21.0,1,3,16.0,2,1,3,4.0,0,5.0,3,3.0,0,1,0,2.0,1,21406.0,1,0,0
300220,30.0,0,1,17.0,2,0,4,4.0,0,4.0,1,2.0,0,5,0,1.0,1,21969.0,1,1,0
300221,20.0,0,1,17.0,3,0,4,5.0,0,4.0,2,3.0,1,5,0,3.0,1,20537.0,1,0,1
300222,30.0,0,3,18.0,2,1,3,4.0,0,5.0,0,2.0,0,5,1,0.0,1,17033.0,1,1,1
300223,36.0,1,3,23.0,3,1,4,4.0,3,4.0,1,2.0,0,1,1,2.0,3,26698.0,2,2,0
300224,32.0,0,1,16.0,3,1,3,5.0,0,5.0,2,2.0,1,3,0,2.0,1,20999.0,1,1,1
300225,19.0,1,3,27.0,2,1,2,4.0,0,4.0,2,2.0,1,1,1,1.0,1,17121.0,1,0,1
300226,48.0,1,3,35.0,3,0,3,3.0,3,3.0,1,4.0,0,4,0,1.0,3,27504.0,2,3,0
300227,44.0,1,1,14.0,2,1,3,1.0,0,3.0,0,3.0,1,3,1,2.0,1,17818.0,1,2,0
300228,31.0,1,3,12.0,3,0,2,5.0,1,3.0,1,3.0,0,2,0,1.0,2,24796.0,1,1,0
300229,36.0,1,1,32.0,2,1,3,5.0,1,3.0,3,6.0,0,2,0,2.0,2,22359.0,1,2,0
300230,35.0,1,1,31.0,1,1,3,4.0,3,4.0,1,4.0,0,3,1,1.0,3,25903.0,2,1,0
300231,40.0,1,1,12.0,2,0,3,3.0,4,3.0,3,1.0,0,5,1,0.0,0,28237.0,2,2,0
300232,33.0,0,3,23.0,2,1,2,3.0,4,3.0,2,2.0,0,3,1,1.0,0,32444.0,2,1,0
300233,35.0,0,3,14.0,3,0,3,4.0,3,3.0,0,5.0,1,5,1,2.0,3,25377.0,2,1,0
300234,41.0,1,1,9.0,3,0,3,2.0,1,3.0,1,7.0,0,3,1,1.0,2,25055.0,2,2,0
300235,27.0,1,1,8.0,1,1,2,3.0,0,4.0,1,2.0,0,4,1,1.0,1,17226.0,1,1,0
300236,35.0,0,3,8.0,2,0,3,6.0,0,3.0,3,3.0,0,3,0,2.0,1,23122.0,1,1,1
300237,35.0,0,1,9.0,2,1,2,4.0,0,3.0,1,2.0,0,1,1,1.0,1,16281.0,1,1,0
300238,52.0,1,3,9.0,3,1,2,4.0,4,5.0,1,2.0,0,5,1,0.0,0,31856.0,2,3,0
300239,31.0,1,1,24.0,3,0,4,4.0,3,5.0,0,3.0,1,4,0,3.0,3,30594.0,2,1,0
300240,27.0,1,1,13.0,2,0,4,4.0,0,3.0,1,3.0,1,1,0,2.0,1,21337.0,1,1,0
300241,33.0,0,1,6.0,3,1,2,4.0,0,3.0,1,2.0,0,3,0,0.0,1,17008.0,1,1,0
300242,31.0,1,1,32.0,2,1,2,3.0,0,3.0,1,2.0,0,3,0,1.0,1,17911.0,1,1,0
300243,28.0,1,3,9.0,3,0,3,3.0,0,4.0,1,2.0,0,1,1,0.0,1,17856.0,1,1,0
300244,60.0,1,3,7.0,1,1,4,4.0,3,3.0,1,5.0,1,1,1,1.0,3,30582.0,2,4,0
300245,22.0,1,1,12.0,3,1,4,4.0,0,3.0,3,3.0,0,1,1,2.0,1,21795.0,1,0,0
300246,36.0,1,1,16.0,3,1,3,4.0,1,3.0,3,3.0,0,4,0,2.0,2,23776.0,1,2,0
300247,38.0,1,1,7.0,2,0,3,5.0,1,3.0,0,3.0,0,2,1,2.0,2,25152.0,2,2,0
300248,45.0,0,1,24.0,2,1,4,6.0,0,3.0,2,4.0,0,4,1,1.0,1,20968.0,1,2,0
300249,39.0,1,1,22.0,2,1,4,5.0,3,3.0,1,2.0,1,5,1,3.0,3,30188.0,2,2,0
300250,27.0,1,1,12.0,3,0,3,4.0,0,3.0,1,1.0,0,2,1,1.0,1,17187.0,1,1,0
300251,27.0,1,1,17.0,2,1,3,3.0,0,5.0,0,1.0,0,5,1,2.0,1,17099.0,1,1,0
300252,35.0,1,1,13.0,2,1,3,4.0,0,3.0,1,2.0,0,3,1,0.0,1,17690.0,1,1,0
300253,30.0,1,1,15.0,3,1,2,4.0,0,3.0,2,2.0,0,4,1,1.0,1,17206.0,1,1,0
300254,39.0,0,1,17.0,3,1,4,4.0,0,3.0,0,2.0,0,5,0,3.0,1,21362.0,1,2,0
300255,45.0,1,2,30.0,3,1,2,3.0,0,4.0,2,2.0,0,4,0,1.0,1,17177.0,1,2,0
300256,23.0,1,1,15.0,2,1,4,6.0,0,5.0,0,3.0,0,2,1,1.0,1,21129.0,1,0,0
300257,47.0,1,1,25.0,3,0,3,4.0,1,3.0,1,4.0,0,5,1,2.0,2,23488.0,1,3,0
300258,30.0,1,3,14.0,2,1,3,3.0,3,3.0,1,6.0,0,3,1,0.0,3,22264.0,1,1,0
300259,32.0,0,3,8.0,2,0,3,3.0,0,5.0,1,2.0,0,3,0,1.0,1,17827.0,1,1,0
300260,31.0,0,1,26.0,2,1,3,3.0,3,3.0,0,4.0,0,3,1,0.0,3,24824.0,1,1,1
300261,34.0,1,1,22.0,3,1,3,4.0,3,3.0,0,2.0,1,5,0,1.0,3,32288.0,2,1,1
300262,26.0,1,2,26.0,3,0,3,3.0,0,4.0,1,1.0,1,3,0,1.0,1,17148.0,1,1,1
300263,39.0,1,2,7.0,2,1,3,2.0,0,3.0,1,3.0,0,4,1,1.0,1,21522.0,1,2,0
300264,41.0,1,3,15.0,2,1,3,3.0,3,3.0,1,4.0,1,1,0,1.0,3,23189.0,1,2,0
300265,34.0,1,3,12.0,3,0,3,4.0,0,3.0,3,3.0,1,1,0,2.0,1,21529.0,1,1,1
300266,42.0,1,3,11.0,3,1,2,3.0,2,3.0,0,7.0,0,4,0,1.0,4,33303.0,2,2,0
300267,32.0,0,1,8.0,2,1,3,3.0,0,3.0,2,1.0,0,5,1,1.0,1,18068.0,1,1,0
300268,37.0,1,1,8.0,0,1,3,4.0,0,3.0,2,7.0,1,3,0,0.0,1,17090.0,1,2,1
300269,22.0,1,1,7.0,1,0,4,5.0,0,4.0,2,3.0,1,5,0,3.0,1,20748.0,1,0,0
300270,55.0,0,1,8.0,3,1,2,4.0,4,5.0,2,1.0,0,3,1,1.0,0,31756.0,2,3,0
300271,25.0,1,3,17.0,3,0,4,4.0,1,3.0,1,3.0,1,2,0,3.0,2,22938.0,1,0,0
300272,54.0,1,1,9.0,1,0,4,5.0,3,3.0,1,2.0,0,5,1,3.0,3,28847.0,2,3,1
300273,29.0,0,3,26.0,1,0,2,3.0,0,3.0,1,2.0,0,3,0,1.0,1,17157.0,1,1,0
300274,34.0,0,3,7.0,2,0,3,3.0,1,5.0,0,4.0,0,3,1,1.0,2,24054.0,1,1,0
300275,39.0,1,1,36.0,3,1,4,4.0,1,5.0,0,2.0,1,3,0,2.0,2,25351.0,2,2,1
300276,38.0,1,3,7.0,2,1,3,5.0,3,3.0,0,7.0,0,2,1,2.0,3,29287.0,2,2,1
300277,33.0,1,3,9.0,3,1,3,4.0,1,4.0,0,2.0,1,1,0,2.0,2,22756.0,1,1,0
300278,36.0,1,1,22.0,2,0,2,1.0,0,5.0,2,2.0,0,1,1,0.0,1,17743.0,1,2,1
300279,27.0,1,1,15.0,3,0,4,3.0,0,4.0,2,2.0,0,3,0,1.0,1,17279.0,1,1,0
300280,30.0,1,1,28.0,2,0,3,2.0,3,5.0,1,3.0,0,5,1,2.0,3,28658.0,2,1,0
300281,27.0,0,2,24.0,2,0,3,4.0,0,3.0,1,2.0,1,5,0,2.0,1,21419.0,1,1,1
300282,39.0,1,1,7.0,2,0,3,4.0,3,3.0,3,6.0,1,2,0,2.0,3,26539.0,2,2,0
300283,26.0,1,1,8.0,3,1,2,1.0,1,3.0,1,2.0,0,3,1,1.0,2,20472.0,1,1,0
300284,26.0,1,1,14.0,3,1,4,5.0,0,3.0,1,3.0,0,1,0,3.0,1,21567.0,1,1,0
300285,35.0,1,3,15.0,2,0,4,4.0,1,5.0,0,7.0,0,2,1,1.0,2,25178.0,2,1,0
300286,45.0,1,1,26.0,3,1,3,3.0,4,3.0,0,1.0,1,3,0,0.0,0,28496.0,2,2,0
300287,28.0,0,1,12.0,2,0,3,4.0,0,3.0,2,2.0,1,1,1,2.0,1,21057.0,1,1,0
300288,50.0,0,3,6.0,2,1,3,3.0,1,3.0,1,1.0,0,3,1,1.0,2,21728.0,1,3,1
300289,51.0,0,3,19.0,3,0,4,4.0,3,3.0,3,6.0,0,5,0,1.0,3,27886.0,2,3,0
300290,51.0,1,1,6.0,2,1,3,3.0,0,3.0,0,2.0,0,4,1,0.0,1,17723.0,1,3,0
300291,28.0,1,1,6.0,2,1,3,4.0,0,3.0,1,2.0,0,4,0,1.0,1,16563.0,1,1,0
300292,27.0,0,3,8.0,2,1,2,5.0,1,3.0,2,4.0,0,4,1,1.0,2,20071.0,1,1,0
300293,55.0,1,3,24.0,2,0,2,3.0,4,4.0,2,4.0,0,1,1,0.0,0,31835.0,2,3,0
300294,47.0,1,1,9.0,1,1,3,4.0,1,3.0,1,4.0,0,2,1,1.0,2,26057.0,2,3,0
300295,44.0,0,1,30.0,2,1,2,3.0,0,3.0,1,4.0,1,5,0,1.0,1,18161.0,1,2,1
300296,23.0,1,1,18.0,3,0,3,4.0,0,4.0,0,3.0,0,2,1,1.0,1,20922.0,1,0,0
300297,32.0,1,2,15.0,3,0,4,2.0,0,4.0,2,2.0,0,1,0,3.0,1,20787.0,1,1,0
300298,27.0,1,1,24.0,3,1,4,6.0,0,3.0,1,3.0,0,3,0,3.0,1,20983.0,1,1,0
300299,41.0,1,1,9.0,3,1,4,4.0,0,3.0,1,4.0,0,1,0,1.0,1,21023.0,1,2,0
300300,33.0,1,3,15.0,1,0,4,5.0,1,4.0,0,3.0,1,2,1,1.0,2,23906.0,1,1,0
300301,39.0,1,3,9.0,3,1,3,4.0,3,4.0,3,2.0,0,4,1,1.0,3,26029.0,2,2,0
300302,31.0,0,1,26.0,2,1,3,3.0,3,3.0,1,4.0,0,3,1,0.0,3,24824.0,1,1,1
300303,38.0,1,2,13.0,2,1,4,4.0,0,5.0,1,6.0,1,1,0,3.0,1,20751.0,1,2,1
300304,43.0,0,1,16.0,3,0,4,4.0,0,3.0,3,3.0,0,4,1,2.0,1,22351.0,1,2,0
300305,38.0,1,3,6.0,2,0,2,4.0,1,3.0,3,5.0,0,1,0,1.0,2,23686.0,1,2,0
300306,37.0,1,3,10.0,2,1,3,5.0,3,3.0,1,3.0,1,1,1,1.0,3,29003.0,2,2,1
300307,39.0,1,1,13.0,2,0,3,5.0,0,3.0,1,3.0,0,3,0,2.0,1,22380.0,1,2,0
300308,41.0,1,2,16.0,2,1,3,4.0,2,3.0,1,4.0,0,1,1,1.0,4,34141.0,2,2,0
300309,43.0,0,1,28.0,3,0,3,4.0,1,3.0,1,4.0,0,1,0,1.0,2,23943.0,1,2,0
300310,23.0,1,1,15.0,3,1,2,3.0,0,5.0,0,2.0,0,3,0,1.0,1,17500.0,1,0,0
300311,32.0,0,1,10.0,3,1,3,4.0,0,5.0,1,3.0,1,1,0,1.0,1,21743.0,1,1,0
300312,41.0,1,3,29.0,3,1,4,5.0,1,3.0,0,4.0,1,3,1,2.0,2,25058.0,2,2,1
300313,43.0,0,1,6.0,2,0,2,3.0,1,3.0,1,5.0,0,1,1,1.0,2,20562.0,1,2,0
300314,30.0,1,1,22.0,2,0,4,6.0,0,3.0,1,2.0,1,5,1,2.0,1,20846.0,1,1,0
300315,36.0,1,1,6.0,2,0,2,3.0,1,4.0,1,1.0,0,5,1,1.0,2,20228.0,1,2,0
300316,50.0,1,1,35.0,2,1,2,4.0,4,3.0,0,1.0,0,5,1,1.0,0,32046.0,2,3,0
300317,42.0,1,3,10.0,3,1,2,3.0,1,5.0,2,1.0,0,5,1,1.0,2,20155.0,1,2,0
300318,37.0,0,3,18.0,1,0,4,4.0,3,3.0,1,2.0,0,5,0,3.0,3,28416.0,2,2,0
300319,48.0,1,1,21.0,3,0,3,3.0,3,3.0,1,2.0,0,3,0,0.0,3,33265.0,2,3,1
300320,52.0,1,1,17.0,2,0,2,3.0,1,3.0,1,1.0,0,1,1,0.0,2,18149.0,1,3,0
300321,36.0,1,1,9.0,2,1,3,5.0,3,4.0,1,4.0,0,4,1,1.0,3,28952.0,2,2,0
300322,35.0,0,1,26.0,3,0,3,4.0,1,4.0,1,6.0,0,3,1,1.0,2,23122.0,1,1,0
300323,33.0,1,1,10.0,3,0,4,4.0,1,5.0,0,3.0,0,2,1,2.0,2,25403.0,2,1,0
300324,46.0,0,3,33.0,3,1,3,5.0,1,5.0,1,3.0,0,3,0,1.0,2,23063.0,1,3,0
300325,35.0,1,1,31.0,1,1,3,4.0,3,4.0,0,4.0,0,3,1,1.0,3,25903.0,2,1,0
300326,34.0,1,1,21.0,3,1,3,4.0,0,3.0,1,7.0,1,1,1,2.0,1,21114.0,1,1,1
300327,43.0,1,1,36.0,2,1,4,4.0,1,4.0,0,3.0,0,3,1,2.0,2,23112.0,1,2,0
300328,40.0,1,3,16.0,1,0,2,4.0,1,4.0,1,1.0,0,5,1,0.0,2,21852.0,1,2,0
300329,38.0,1,1,10.0,2,1,3,4.0,3,3.0,1,3.0,0,1,1,1.0,3,28112.0,2,2,0
300330,55.0,1,1,6.0,2,0,3,4.0,1,3.0,3,2.0,0,1,0,1.0,2,22458.0,1,3,0
300331,29.0,0,3,26.0,1,0,2,3.0,0,3.0,0,2.0,0,3,0,1.0,1,17157.0,1,1,0
300332,35.0,1,1,7.0,2,1,3,5.0,0,3.0,0,3.0,1,2,0,1.0,1,22300.0,1,1,0
300333,26.0,0,1,6.0,3,0,3,4.0,0,3.0,1,2.0,0,1,0,0.0,1,17007.0,1,1,0
300334,39.0,1,3,17.0,3,1,4,5.0,3,3.0,1,2.0,1,3,1,2.0,3,27418.0,2,2,0
300335,31.0,1,1,8.0,2,1,2,3.0,0,3.0,1,1.0,1,4,1,1.0,1,17695.0,1,1,0
300336,49.0,0,1,14.0,2,1,3,4.0,1,4.0,0,2.0,0,3,1,2.0,2,20130.0,1,3,0
300337,42.0,1,1,8.0,2,1,3,4.0,1,3.0,3,4.0,0,2,0,1.0,2,21781.0,1,2,0
300338,30.0,1,1,8.0,3,0,2,4.0,1,3.0,3,6.0,1,2,1,1.0,2,21877.0,1,1,0
300339,35.0,1,3,13.0,2,1,3,3.0,0,3.0,0,2.0,0,3,1,0.0,1,17404.0,1,1,0
300340,37.0,1,3,7.0,2,0,4,4.0,1,3.0,3,8.0,0,1,1,2.0,2,25493.0,2,2,0
300341,30.0,1,1,15.0,3,1,4,5.0,1,3.0,1,3.0,1,3,1,2.0,2,23734.0,1,1,0
300342,28.0,1,1,12.0,2,0,3,4.0,0,4.0,2,3.0,1,3,0,2.0,1,21156.0,1,1,0
300343,51.0,1,1,13.0,3,1,2,4.0,1,3.0,0,3.0,0,3,1,1.0,2,21132.0,1,3,0
300344,41.0,1,3,6.0,3,1,2,2.0,3,5.0,0,2.0,0,3,1,1.0,3,23392.0,1,2,0
300345,26.0,1,1,12.0,2,0,3,3.0,0,3.0,0,2.0,1,2,0,0.0,1,17659.0,1,1,0
300346,54.0,1,1,8.0,1,0,2,3.0,3,3.0,0,1.0,0,4,1,0.0,3,28549.0,2,3,0
300347,29.0,1,1,34.0,2,0,3,3.0,0,3.0,1,5.0,0,5,0,1.0,1,17514.0,1,1,0
300348,27.0,0,1,11.0,2,0,2,3.0,0,3.0,2,1.0,1,1,1,1.0,1,17379.0,1,1,0
300349,28.0,0,1,12.0,2,1,2,4.0,0,3.0,1,2.0,1,4,1,0.0,1,17703.0,1,1,0
300350,45.0,1,1,17.0,2,1,4,4.0,0,3.0,3,3.0,1,3,1,3.0,1,21614.0,1,2,1
300351,33.0,0,3,12.0,2,1,3,4.0,1,4.0,1,3.0,0,3,1,2.0,2,25202.0,2,1,0
300352,35.0,1,1,15.0,3,0,4,4.0,1,3.0,3,5.0,0,4,0,2.0,2,24820.0,1,1,0
300353,31.0,0,2,15.0,2,0,4,5.0,0,3.0,1,8.0,0,5,1,3.0,1,20858.0,1,1,1
300354,26.0,1,3,12.0,3,1,3,5.0,1,3.0,3,3.0,1,3,0,2.0,2,24422.0,1,1,1
300355,41.0,0,3,9.0,3,1,4,4.0,1,4.0,0,7.0,0,4,1,3.0,2,23005.0,1,2,0
300356,34.0,1,3,21.0,3,0,3,3.0,1,5.0,2,2.0,0,1,1,2.0,2,21125.0,1,1,0
300357,35.0,1,3,11.0,2,1,4,4.0,3,3.0,1,4.0,1,4,0,3.0,3,28391.0,2,1,0
300358,47.0,0,3,12.0,3,1,4,4.0,1,3.0,3,6.0,1,5,1,2.0,2,24450.0,1,3,0
300359,55.0,1,3,9.0,2,0,3,5.0,3,3.0,0,8.0,0,5,1,1.0,3,29364.0,2,3,0
300360,29.0,1,1,14.0,3,1,3,4.0,1,3.0,1,2.0,1,3,1,1.0,2,20056.0,1,1,0
300361,37.0,1,3,9.0,3,1,4,5.0,3,3.0,1,3.0,0,1,1,2.0,3,26274.0,2,2,0
300362,28.0,0,1,7.0,1,1,3,5.0,1,5.0,1,7.0,0,3,1,1.0,2,22976.0,1,1,0
300363,40.0,1,1,10.0,3,1,4,5.0,1,3.0,1,2.0,0,4,0,3.0,2,21747.0,1,2,0
300364,34.0,1,3,13.0,1,1,2,3.0,0,3.0,1,1.0,1,1,0,1.0,1,17308.0,1,1,0
300365,35.0,1,1,29.0,3,1,3,5.0,0,3.0,1,1.0,0,1,1,0.0,1,17705.0,1,1,0
300366,33.0,1,1,14.0,2,1,4,4.0,1,3.0,0,3.0,0,3,1,2.0,2,23561.0,1,1,1
300367,30.0,1,1,26.0,2,1,2,3.0,1,5.0,0,1.0,0,4,1,0.0,2,24957.0,1,1,0
300368,47.0,1,1,8.0,3,0,3,3.0,1,3.0,1,6.0,0,1,0,0.0,2,20070.0,1,3,0
300369,49.0,1,3,17.0,3,0,2,3.0,3,3.0,1,2.0,0,4,0,0.0,3,22654.0,1,3,1
300370,47.0,1,3,8.0,2,0,3,4.0,0,3.0,2,2.0,1,2,1,0.0,1,18294.0,1,3,0
300371,31.0,1,1,10.0,1,0,3,4.0,0,5.0,3,7.0,1,4,0,1.0,1,21335.0,1,1,1
300372,28.0,1,1,24.0,1,1,3,4.0,0,4.0,1,2.0,1,4,0,1.0,1,21736.0,1,1,0
300373,23.0,1,1,10.0,2,0,3,4.0,1,3.0,0,2.0,1,5,1,2.0,2,22849.0,1,0,1
300374,33.0,0,1,6.0,2,0,2,1.0,1,4.0,1,2.0,1,3,1,0.0,2,20488.0,1,1,0
300375,46.0,1,1,27.0,3,1,4,6.0,3,5.0,1,4.0,1,3,0,1.0,3,29529.0,2,3,0
300376,36.0,1,3,10.0,2,1,4,4.0,3,3.0,1,8.0,0,5,0,2.0,3,26501.0,2,2,0
300377,45.0,1,3,35.0,3,0,3,2.0,4,3.0,0,5.0,1,2,1,2.0,0,31998.0,2,2,0
300378,22.0,1,1,14.0,3,0,3,3.0,0,5.0,1,2.0,1,3,0,1.0,1,17398.0,1,0,1
300379,41.0,1,1,26.0,3,1,2,4.0,1,3.0,1,2.0,1,1,1,1.0,2,21419.0,1,2,0
300380,35.0,1,3,22.0,3,1,3,3.0,3,4.0,1,1.0,0,1,1,1.0,3,23020.0,1,1,0
300381,25.0,1,1,30.0,3,1,3,3.0,0,3.0,0,3.0,1,4,0,2.0,1,21403.0,1,0,0
300382,51.0,1,1,12.0,2,1,2,3.0,2,3.0,2,1.0,0,5,1,0.0,4,34537.0,2,3,0
300383,20.0,1,1,32.0,2,0,3,2.0,0,3.0,3,3.0,1,5,1,1.0,1,21672.0,1,0,0
300384,32.0,0,1,7.0,2,0,4,4.0,1,5.0,1,3.0,0,5,1,1.0,2,22826.0,1,1,0
300385,39.0,0,2,7.0,2,1,3,4.0,0,4.0,1,2.0,1,1,1,2.0,1,21669.0,1,2,0
300386,45.0,1,1,9.0,2,0,4,2.0,0,3.0,1,3.0,0,4,1,3.0,1,20689.0,1,2,0
300387,20.0,1,1,16.0,2,1,3,4.0,0,5.0,2,3.0,0,3,0,2.0,1,21230.0,1,0,0
300388,32.0,1,3,14.0,1,0,3,4.0,1,4.0,0,2.0,1,2,1,0.0,2,20228.0,1,1,0
300389,43.0,0,1,23.0,1,1,2,4.0,0,3.0,1,1.0,1,5,1,1.0,1,17437.0,1,2,1
300390,40.0,1,1,17.0,3,1,4,4.0,1,5.0,1,4.0,0,5,1,3.0,2,24055.0,1,2,0
300391,59.0,1,3,31.0,2,0,2,3.0,3,5.0,3,1.0,0,3,1,0.0,3,22637.0,1,4,0
300392,28.0,1,1,6.0,2,1,2,3.0,0,3.0,1,2.0,0,1,0,0.0,1,17044.0,1,1,0
300393,36.0,1,1,9.0,2,0,2,3.0,0,3.0,1,6.0,0,1,0,1.0,1,17835.0,1,2,0
300394,39.0,1,3,10.0,2,0,2,4.0,1,3.0,0,5.0,0,5,1,0.0,2,20902.0,1,2,0
300395,48.0,1,3,11.0,2,0,3,4.0,1,3.0,3,3.0,1,3,1,2.0,2,22841.0,1,3,0
300396,42.0,1,3,14.0,3,1,2,3.0,1,4.0,1,1.0,0,3,1,0.0,2,21825.0,1,2,0
300397,20.0,1,3,15.0,2,1,2,3.0,0,5.0,2,2.0,0,1,0,1.0,1,17728.0,1,0,0
300398,44.0,1,1,19.0,2,1,3,5.0,4,4.0,1,3.0,0,3,1,2.0,0,33014.0,2,2,0
300399,39.0,1,3,11.0,1,1,2,3.0,1,3.0,1,4.0,0,1,0,0.0,2,17086.0,1,2,1
300400,28.0,1,1,14.0,2,0,2,4.0,0,4.0,2,2.0,0,4,0,1.0,1,17154.0,1,1,1
300401,50.0,1,1,34.0,2,0,2,3.0,4,5.0,0,5.0,1,5,0,0.0,0,31880.0,2,3,0
300402,59.0,0,1,7.0,2,1,3,6.0,1,3.0,1,4.0,1,1,1,2.0,2,24338.0,1,4,0
300403,46.0,0,1,24.0,3,0,2,3.0,3,3.0,0,6.0,0,3,1,0.0,3,25527.0,2,3,0
300404,35.0,1,3,28.0,2,1,4,3.0,1,3.0,3,3.0,0,3,1,1.0,2,24015.0,1,1,0
300405,42.0,1,3,11.0,3,1,2,3.0,2,3.0,1,7.0,0,4,0,1.0,4,33303.0,2,2,0
300406,38.0,1,3,9.0,3,1,4,4.0,1,3.0,0,6.0,1,3,0,2.0,2,28280.0,2,2,0
300407,21.0,0,1,13.0,2,0,4,5.0,0,3.0,3,3.0,1,1,0,1.0,1,21604.0,1,0,1
300408,36.0,1,3,8.0,3,1,3,4.0,3,3.0,1,2.0,0,1,1,1.0,3,22596.0,1,2,0
300409,47.0,1,1,8.0,2,0,2,3.0,4,3.0,0,2.0,1,4,1,0.0,0,31752.0,2,3,0
300410,26.0,0,1,11.0,3,0,2,4.0,0,3.0,0,2.0,1,2,0,1.0,1,17366.0,1,1,1
300411,25.0,1,1,30.0,3,1,3,2.0,0,3.0,1,3.0,1,4,0,1.0,1,21403.0,1,0,0
300412,57.0,1,1,31.0,2,1,4,4.0,0,3.0,2,3.0,0,3,0,1.0,1,21265.0,1,4,1
300413,26.0,1,1,9.0,3,1,4,2.0,0,5.0,3,2.0,0,1,0,2.0,1,22102.0,1,1,0
300414,48.0,1,1,8.0,1,1,3,1.0,0,4.0,2,6.0,0,2,0,2.0,1,17559.0,1,3,0
300415,47.0,1,3,16.0,3,1,3,4.0,3,3.0,1,6.0,0,3,0,2.0,3,28774.0,2,3,1
300416,28.0,1,1,15.0,3,1,3,3.0,0,3.0,1,2.0,0,1,1,0.0,1,17070.0,1,1,0
300417,29.0,1,1,15.0,2,0,3,5.0,0,4.0,2,3.0,0,4,0,2.0,1,20832.0,1,1,1
300418,50.0,1,1,7.0,1,0,3,5.0,4,3.0,2,2.0,1,3,0,1.0,0,32642.0,2,3,0
300419,31.0,1,1,14.0,2,0,3,3.0,4,4.0,2,4.0,0,1,1,0.0,0,31422.0,2,1,0
300420,34.0,1,3,16.0,3,0,4,4.0,1,5.0,3,2.0,1,3,0,1.0,2,26902.0,2,1,1
300421,34.0,1,3,15.0,2,1,3,4.0,1,5.0,1,4.0,0,5,1,1.0,2,25070.0,2,1,0
300422,36.0,1,1,17.0,2,1,3,4.0,0,3.0,1,3.0,0,5,1,1.0,1,22595.0,1,2,0
300423,26.0,1,3,17.0,2,1,3,4.0,1,3.0,3,2.0,0,1,1,1.0,2,23628.0,1,1,0
300424,32.0,1,1,30.0,3,1,4,5.0,1,3.0,1,2.0,0,3,0,2.0,2,24260.0,1,1,0
300425,35.0,1,1,17.0,2,1,3,4.0,0,4.0,1,3.0,0,1,1,2.0,1,20686.0,1,1,0
300426,18.0,1,1,9.0,3,1,2,3.0,0,3.0,2,2.0,0,4,1,0.0,1,16420.0,1,0,1
300427,46.0,1,1,16.0,2,1,3,4.0,1,4.0,1,2.0,0,4,1,1.0,2,21026.0,1,3,0
300428,30.0,1,1,7.0,1,1,4,5.0,0,5.0,2,8.0,0,3,0,3.0,1,21040.0,1,1,1
300429,37.0,0,3,22.0,3,1,3,6.0,1,3.0,1,3.0,0,1,1,1.0,2,24084.0,1,2,0
300430,40.0,1,1,7.0,3,1,3,2.0,3,3.0,1,2.0,0,3,1,1.0,3,28291.0,2,2,0
300431,34.0,1,1,7.0,2,1,4,5.0,0,5.0,3,5.0,1,4,1,2.0,1,21477.0,1,1,0
300432,42.0,1,1,16.0,2,1,4,4.0,0,5.0,1,3.0,0,5,1,2.0,1,20967.0,1,2,0
300433,31.0,0,3,19.0,2,1,4,5.0,0,5.0,1,3.0,0,5,1,3.0,1,20711.0,1,1,1
300434,53.0,1,1,29.0,2,0,3,3.0,4,3.0,2,7.0,0,5,1,1.0,0,29275.0,2,3,0
300435,28.0,0,1,16.0,3,1,3,4.0,0,4.0,1,8.0,0,3,0,1.0,1,20702.0,1,1,0
300436,42.0,1,1,19.0,1,0,3,4.0,2,3.0,1,3.0,0,4,1,2.0,4,38223.0,3,2,1
300437,32.0,0,1,19.0,2,0,3,4.0,0,4.0,0,2.0,0,5,0,0.0,1,17743.0,1,1,0
300438,32.0,0,3,14.0,3,0,2,3.0,3,3.0,3,2.0,0,4,1,1.0,3,23998.0,1,1,0
300439,19.0,0,1,15.0,3,1,4,4.0,0,3.0,2,3.0,0,5,1,1.0,1,20582.0,1,0,1
300440,34.0,1,3,16.0,2,0,2,3.0,0,3.0,0,2.0,1,2,0,1.0,1,17220.0,1,1,0
